{"content":[],"settings":{"template":"default","system_colors":[{"_id":"primary","title":"\u0627\u0648\u0644\u06cc\u0647","color":"#303030"},{"_id":"secondary","title":"\u0631\u0646\u06af \u062f\u0648\u0645","color":"#54595F"},{"_id":"text","title":"\u0645\u062a\u0646","color":"#7A7A7A"},{"_id":"accent","title":"\u0634\u062f\u062a","color":"#D79D4B"}],"custom_colors":[{"_id":"c8e6d58","title":"\u06a9\u0631\u0645\u06cc","color":"#FFF8EF"},{"_id":"ce53daa","title":"white","color":"#FFFFFF"},{"_id":"016a2d6","title":"\u062a\u06cc\u0631\u0647","color":"#222222"},{"_id":"464932f","title":"\u0628\u0646\u0641\u0634 \u062a\u06cc\u0631\u0647","color":"#A20E4E"},{"_id":"537b53f","title":"\u0632\u0631\u062f \u0646\u0627\u0631\u0646\u062c\u06cc","color":"#FFC300"},{"_id":"a9e37a0","title":"\u062e\u0627\u06a9\u0633\u062a\u0631\u06cc","color":"#BBBBBB"},{"_id":"98ae080","title":"\u0633\u0631\u0645\u0647 \u0627\u06cc","color":"#23262D"},{"_id":"1e2e776","title":"\u062e\u0627\u06a9\u0633\u062a\u0631\u06cc 2","color":"#AAAAAA"},{"_id":"c2c20c3","title":"\u0633\u0631\u0645\u0647 \u0627\u06cc 2","color":"#30373F"},{"_id":"d10bb15","title":"\u0637\u0644\u0627\u06cc\u06cc","color":"#D6AF43"},{"_id":"85b908a","title":"\u0632\u0631\u062f 2","color":"#F5A221"},{"_id":"f74c5ac","title":"\u0633\u0641\u06cc\u062f \u0645\u062a\u0645\u0627\u06cc\u0644 \u0628\u0647 \u0622\u0628\u06cc","color":"#E9EEF5"},{"_id":"372c7c8","title":"\u0622\u0628\u06cc \u062a\u06cc\u0631\u0647","color":"#1F2C35"},{"_id":"e9f4645","title":"\u0622\u0628\u06cc \u062a\u06cc\u0631\u0647 \u062a\u0631","color":"#0F1519"},{"_id":"836e38f","title":"DDDDDD","color":"#DDDDDD"},{"_id":"a6db300","title":"\u062e\u0627\u06a9\u0633\u062a\u0631\u06cc \u0645\u0627\u06cc\u0644 \u0628\u0647 \u0633\u0641\u06cc\u062f","color":"#F0F0F0"}],"system_typography":[{"_id":"primary","title":"\u062f\u0631\u0634\u062a 16","typography_typography":"custom","typography_font_family":"IranSans","typography_font_weight":"bold","typography_font_size":{"unit":"px","size":16,"sizes":[]}},{"_id":"secondary","title":"\u0639\u0627\u062f\u06cc 14","typography_typography":"custom","typography_font_family":"IranSans","typography_font_weight":"400","typography_font_size":{"unit":"px","size":14,"sizes":[]}},{"_id":"text","title":"\u0645\u0631\u0628\u0639 16 \u0646\u06cc\u0645\u0647 \u0636\u062e\u06cc\u0645","typography_typography":"custom","typography_font_family":"Morabba","typography_font_weight":"600","typography_font_size":{"unit":"px","size":16,"sizes":[]}},{"_id":"accent","title":"\u0639\u0627\u062f\u06cc 16","typography_typography":"custom","typography_font_family":"IranSans","typography_font_weight":"normal","typography_font_size":{"unit":"px","size":16,"sizes":[]}}],"custom_typography":[{"_id":"9fdf5b4","title":"\u0645\u0631\u0628\u0639 \u0636\u062e\u06cc\u0645 24","typography_typography":"custom","typography_font_family":"Morabba","typography_font_size":{"unit":"px","size":24,"sizes":[]},"typography_font_weight":"700"},{"typography_typography":"custom","typography_font_family":"Alata","typography_font_size":{"unit":"px","size":30,"sizes":[]},"typography_font_weight":"bold","typography_text_transform":"uppercase","_id":"0c572f7","title":"alata 30 uppercase","typography_font_size_mobile":{"unit":"px","size":24,"sizes":[]}},{"typography_typography":"custom","typography_font_family":"Alata","typography_font_size":{"unit":"px","size":18,"sizes":[]},"typography_font_weight":"600","typography_text_transform":"none","_id":"ef16e17","title":"alata 18"}],"default_generic_fonts":"Sans-serif","page_title_selector":"h1.entry-title","activeItemIndex":1,"viewport_md":768,"viewport_lg":1025,"active_breakpoints":["viewport_mobile","viewport_mobile_extra","viewport_tablet","viewport_tablet_extra"],"woocommerce_cart_page_id":"13203","woocommerce_checkout_page_id":"13195","woocommerce_myaccount_page_id":"13199"},"metadata":[]}